[{"id":"user-image-VK_1280_1080_3.jpg","publicUrl":"np://user.desktop.nicepage.com/Site_81988875/images/VK_1280_1080_3.jpg","size":148112,"hash":"7yDMog3PRoXy7ZzX02HdjFSmoEc=","fileName":"VK_1280_1080_3.jpg","name":"VK_1280_1080_3","width":1080,"height":1280,"thumbnail":{"url":"np://user.desktop.nicepage.com/Site_81988875/images/thumbnails/VK_1280_1080_3.jpg","width":211,"height":250},"usages":[]},{"id":"user-image-VK_480_640_3_.jpg","publicUrl":"np://user.desktop.nicepage.com/Site_81988875/images/VK_480_640_3_.jpg","size":108395,"hash":"IlmzdX8mVth3jWpiHUdjvyTkA2o=","fileName":"VK_480_640_3_.jpg","name":"VK_480_640_3_","width":540,"height":640,"thumbnail":{"url":"np://user.desktop.nicepage.com/Site_81988875/images/thumbnails/VK_480_640_3_.jpg","width":211,"height":250},"usages":["48798269"]},{"id":"user-image-bank.png","publicUrl":"np://user.desktop.nicepage.com/Site_81988875/images/bank.png","size":102572,"hash":"2BZV6deRR7ry0lbejp2fnE61Vc4=","fileName":"bank.png","name":"bank","width":583,"height":537,"thumbnail":{"url":"np://user.desktop.nicepage.com/Site_81988875/images/thumbnails/bank.png","width":250,"height":230},"usages":["48798269","33798768"]},{"id":"user-image-barcodeKrepishev2024-03-21.gif","publicUrl":"np://user.desktop.nicepage.com/Site_81988875/images/barcodeKrepishev2024-03-21.gif","size":5436,"hash":"WOSbCFwjPqhrAczdU/PySHzkAW4=","fileName":"barcodeKrepishev2024-03-21.gif","name":"barcodeKrepishev2024-03-21","width":260,"height":260,"thumbnail":{"url":"np://user.desktop.nicepage.com/Site_81988875/images/barcodeKrepishev2024-03-21.gif","width":250,"height":250},"usages":["48798269","598311340"]},{"id":"user-image-bv3w-RrCMcM_640.jpg","publicUrl":"np://user.desktop.nicepage.com/Site_81988875/images/bv3w-RrCMcM_640.jpg","size":72646,"hash":"n0rWv+B/zrDOotpyMJm4AviSkFM=","fileName":"bv3w-RrCMcM_640.jpg","name":"bv3w-RrCMcM_640","width":640,"height":351,"thumbnail":{"url":"np://user.desktop.nicepage.com/Site_81988875/images/thumbnails/bv3w-RrCMcM_640.jpg","width":250,"height":137},"usages":["48798269"]},{"id":"user-image-dzen.png","publicUrl":"np://user.desktop.nicepage.com/Site_81988875/images/dzen.png","size":791,"hash":"TMmPkJAR33QwHD6d7kR0syDwBEY=","fileName":"dzen.png","name":"dzen","width":36,"height":36,"thumbnail":{"url":"np://user.desktop.nicepage.com/Site_81988875/images/thumbnails/dzen.png","width":36,"height":36,"length":791},"usages":[]},{"id":"user-image-favicon.jpg","publicUrl":"np://user.desktop.nicepage.com/Site_81988875/images/favicon.jpg","size":69947,"hash":"YqB8BG/H2N3tIwjAXB7shc0dbpg=","fileName":"favicon.jpg","name":"favicon","width":1600,"height":1600,"thumbnail":{"url":"np://user.desktop.nicepage.com/Site_81988875/images/thumbnails/favicon.jpg","width":250,"height":250},"usages":[]},{"id":"user-image-how_to_download_zayavka.jpg","publicUrl":"np://user.desktop.nicepage.com/Site_81988875/images/how_to_download_zayavka.jpg","size":107489,"hash":"NzdI7zUZ2WCfXjRTz21kaksdC+E=","fileName":"how_to_download_zayavka.jpg","name":"how_to_download_zayavka","width":667,"height":618,"thumbnail":{"url":"np://user.desktop.nicepage.com/Site_81988875/images/thumbnails/how_to_download_zayavka.jpg","width":250,"height":232},"usages":["48798269"]},{"id":"user-image-jobers_3_480.jpg","publicUrl":"np://user.desktop.nicepage.com/Site_81988875/images/jobers_3_480.jpg","size":72260,"hash":"66hXP8LDQ97WhhShBO92QPAkzjk=","fileName":"jobers_3_480.jpg","name":"jobers_3_480","width":480,"height":480,"thumbnail":{"url":"np://user.desktop.nicepage.com/Site_81988875/images/thumbnails/jobers_3_480.jpg","width":250,"height":250},"usages":["48798269"]},{"id":"user-image-korea-busan-port.png","publicUrl":"np://user.desktop.nicepage.com/Site_81988875/images/korea-busan-port.png","size":998607,"hash":"IGiZqQv+OcfnEeMEZwxGzZK6LW8=","fileName":"korea-busan-port.png","name":"korea-busan-port","width":948,"height":640,"thumbnail":{"url":"np://user.desktop.nicepage.com/Site_81988875/images/thumbnails/korea-busan-port.png","width":250,"height":169},"usages":["48798269"]},{"id":"user-image-logo2.jpg","publicUrl":"np://user.desktop.nicepage.com/Site_81988875/images/logo2.jpg","size":25529,"hash":"1WoB6wFYbv4c+IFaFGInIkEID5M=","fileName":"logo2.jpg","name":"logo2","width":554,"height":146,"thumbnail":{"url":"np://user.desktop.nicepage.com/Site_81988875/images/thumbnails/logo2.jpg","width":250,"height":66},"usages":[]},{"id":"user-image-tel.png","publicUrl":"np://user.desktop.nicepage.com/Site_81988875/images/tel.png","size":275930,"hash":"Q3Epu05wQhjQNaZl+y6TLeEL+EA=","fileName":"tel.png","name":"tel","width":609,"height":420,"thumbnail":{"url":"np://user.desktop.nicepage.com/Site_81988875/images/thumbnails/tel.png","width":250,"height":172},"usages":["48798269","598311340"]},{"id":"user-image-tt_w.png","publicUrl":"np://user.desktop.nicepage.com/Site_81988875/images/tt_w.png","size":23658,"hash":"gx6UuhZ7GggyZ+9PghTRTcU6mx8=","fileName":"tt_w.png","name":"tt_w","width":150,"height":150,"thumbnail":{"url":"np://user.desktop.nicepage.com/Site_81988875/images/thumbnails/tt_w.png","width":150,"height":150,"length":23658},"usages":[]},{"id":"user-image-ww.jpg","publicUrl":"np://user.desktop.nicepage.com/Site_81988875/images/ww.jpg","size":1422677,"hash":"AxqL/9lk67QSTMy/56s1YkNiLZ8=","fileName":"ww.jpg","name":"ww","width":1920,"height":1013,"thumbnail":{"url":"np://user.desktop.nicepage.com/Site_81988875/images/thumbnails/ww.jpg","width":250,"height":132},"usages":["48798269"]}]