[{"id":23767107,"title":"Blog Template","order":1,"templateKey":"blog","customTemplate":false,"customTemplateFilename":null,"pageLinks":["6","5","4"],"dateCreated":"2024-03-13T02:31:53.938Z","dateUpdated":"2024-03-19T04:10:14.592Z","folderId":null,"pageName":"Blog Template","serverPageId":null,"sectionCount":1,"status":2,"backwardUrl":null},{"id":212098373,"title":"Post Template","order":2,"templateKey":"post","customTemplate":false,"customTemplateFilename":null,"pageLinks":[],"dateCreated":"2024-03-13T02:31:54.102Z","dateUpdated":"2024-03-19T04:10:21.640Z","folderId":null,"pageName":"Post Template","serverPageId":null,"sectionCount":1,"status":2,"backwardUrl":null},{"id":25195836,"title":"Product List Template","order":3,"templateKey":"products","customTemplate":false,"customTemplateFilename":null,"pageLinks":[],"dateCreated":"2024-03-13T02:31:54.270Z","dateUpdated":"2024-03-13T02:31:55.689Z","folderId":null,"pageName":"Product List Template","serverPageId":null,"sectionCount":1,"status":2,"backwardUrl":null},{"id":7549878,"title":"Product Details Template","order":4,"templateKey":"product","customTemplate":false,"customTemplateFilename":null,"pageLinks":[],"dateCreated":"2024-03-13T02:31:54.445Z","dateUpdated":"2024-03-13T02:31:55.689Z","folderId":null,"pageName":"Product Details Template","serverPageId":null,"sectionCount":1,"status":2,"backwardUrl":null},{"id":158868068,"title":"Shopping Cart Template","order":5,"templateKey":"cart","customTemplate":false,"customTemplateFilename":null,"pageLinks":[],"dateCreated":"2024-03-13T02:31:54.586Z","dateUpdated":"2024-03-13T02:31:55.690Z","folderId":null,"pageName":"Shopping Cart Template","serverPageId":null,"sectionCount":1,"status":2,"backwardUrl":null},{"id":56888032,"title":"Checkout Template","order":6,"templateKey":"checkout","customTemplate":false,"customTemplateFilename":null,"pageLinks":[],"dateCreated":"2024-03-13T02:31:54.940Z","dateUpdated":"2024-03-13T02:31:55.690Z","folderId":null,"pageName":"Checkout Template","serverPageId":null,"sectionCount":1,"status":2,"backwardUrl":null},{"id":45246080,"title":"Login Template","order":7,"templateKey":"login","customTemplate":false,"customTemplateFilename":null,"pageLinks":[],"dateCreated":"2024-03-13T02:31:55.059Z","dateUpdated":"2024-03-13T02:31:55.690Z","folderId":null,"pageName":"Login Template","serverPageId":null,"sectionCount":1,"status":2,"backwardUrl":null},{"id":2144112821,"title":"Page Password Template","order":8,"templateKey":"password","customTemplate":false,"customTemplateFilename":null,"pageLinks":[],"dateCreated":"2024-03-13T02:31:55.139Z","dateUpdated":"2024-03-13T02:31:55.690Z","folderId":null,"pageName":"Page Password Template","serverPageId":null,"sectionCount":1,"status":2,"backwardUrl":null},{"id":291004603,"title":"404 Not Found Template","order":9,"templateKey":"404","customTemplate":false,"customTemplateFilename":null,"pageLinks":[],"dateCreated":"2024-03-13T02:31:55.216Z","dateUpdated":"2024-03-13T02:31:55.690Z","folderId":null,"pageName":"404 Not Found Template","serverPageId":null,"sectionCount":1,"status":2,"backwardUrl":null},{"id":21608175,"title":"Thank You Page Template","order":10,"templateKey":"ThankYou","customTemplate":false,"customTemplateFilename":null,"pageLinks":[],"dateCreated":"2024-03-13T02:31:55.281Z","dateUpdated":"2024-03-13T02:31:55.690Z","folderId":null,"pageName":"Thank You Page Template","serverPageId":null,"sectionCount":1,"status":2,"backwardUrl":null},{"id":48798269,"title":"Главная","order":51,"templateKey":null,"customTemplate":false,"customTemplateFilename":null,"pageLinks":[],"dateCreated":"2024-03-26T08:09:20.006Z","dateUpdated":"2024-05-31T00:21:26.755Z","folderId":null,"pageName":"Главная_48798269","serverPageId":null,"sectionCount":11,"status":2,"backwardUrl":null},{"id":598311340,"title":"Контакты","order":52,"templateKey":null,"customTemplate":false,"customTemplateFilename":null,"pageLinks":[],"dateCreated":"2024-05-30T23:55:34.858Z","dateUpdated":"2024-05-31T00:10:35.957Z","folderId":null,"pageName":"Контакты_598311340","serverPageId":null,"sectionCount":1,"status":2,"backwardUrl":null},{"id":33798768,"title":"Реквизиты","order":53,"templateKey":null,"customTemplate":false,"customTemplateFilename":null,"pageLinks":[],"dateCreated":"2024-05-31T00:12:25.779Z","dateUpdated":"2024-05-31T00:14:15.493Z","folderId":null,"pageName":"Реквизиты_33798768","serverPageId":null,"sectionCount":1,"status":2,"backwardUrl":null}]